#,Person,Solve 1,Solve 2,Solve 3,Solve 4,Solve 5,Fastest Solve,Country
1,Yusheng Du (杜宇生),1113,347,880,DNF,707,347,China
2,Max Park,363,552,566,537,522,363,USA
3,Jode Brewster,1034,968,718,617,388,388,Australia
4,Asher Kim-Magierek,601,668,389,683,822,389,USA
5,Tymon Kolasiński,397,665,561,581,666,397,Poland
6,Tymon Kolasiński,402,468,533,456,559,402,Poland
7,Max Siauw,620,839,403,672,DNF,403,USA
8,Ruihang Xu (许瑞航),548,552,545,406,751,406,China
9,Max Park,560,636,409,424,701,409,USA
10,Tymon Kolasiński,639,584,677,585,411,411,Poland
11,Matty Hiroto Inaba,413,588,569,722,616,413,USA
12,Feliks Zemdegs,638,416,760,667,827,416,Australia
13,Max Park,418,575,572,487,544,418,USA
14,Max Park,543,528,419,526,720,419,USA
15,Max Park,544,618,568,576,420,420,USA
16,Feliks Zemdegs,492,697,422,727,689,422,Australia
17,Max Siauw,873,422,637,759,686,422,USA
18,Tymon Kolasiński,566,578,615,445,422,422,Poland
19,Patrick Ponce,424,877,708,654,730,424,USA
20,Tymon Kolasiński,628,604,555,424,466,424,Poland
21,Kyle Santucci,775,686,426,547,682,426,Canada
22,Matty Hiroto Inaba,745,592,516,427,579,427,USA
23,Luke Garrett,428,577,565,671,583,428,USA
24,Feliks Zemdegs,748,697,692,429,554,429,Australia
25,Max Park,541,596,532,641,429,429,USA
26,Leo Borromeo,529,547,672,497,431,431,Philippines
27,Sebastian Weyer,432,745,676,789,665,432,Germany
28,Max Park,603,558,561,637,433,433,USA
29,Matty Hiroto Inaba,645,620,539,648,434,434,USA
30,Tymon Kolasiński,719,436,628,805,498,436,Poland
31,Tymon Kolasiński,436,526,880,555,609,436,Poland
32,Matty Hiroto Inaba,436,582,524,689,596,436,USA
33,Patrick Ponce,437,670,590,685,DNF,437,USA
34,Caio Hideaki Sato,640,437,774,712,597,437,Brazil
35,Mihir Narayan,615,646,725,437,826,437,India
36,Nicolás Sánchez,829,828,751,789,438,438,USA
37,Max Park,592,438,710,683,480,438,USA
38,Max Park,830,438,641,606,502,438,USA
39,Dominic Redisi,750,686,700,438,876,438,USA
40,Twan Dullemond,438,883,644,624,673,438,Netherlands
41,Max Park,636,440,565,639,750,440,USA
42,Tymon Kolasiński,593,701,562,681,440,440,Poland
43,Tymon Kolasiński,526,440,569,674,500,440,Poland
44,Max Park,563,440,533,563,557,440,USA
45,Tymon Kolasiński,629,441,576,578,513,441,Poland
46,Lukas Shelley,851,442,724,852,683,442,Denmark
47,Firstian Fushada (符逢城),906,744,442,696,654,442,Indonesia
48,Max Park,442,597,716,555,550,442,USA
49,Luke Garrett,709,640,443,760,592,443,USA
50,Juliette Sébastien,444,994,978,879,917,444,France
51,Tymon Kolasiński,506,685,591,444,575,444,Poland
52,Varun Mohanraj,847,679,444,892,672,444,USA
53,Ruihang Xu (许瑞航),562,445,776,632,646,445,China
54,Luke Garrett,466,540,447,625,502,447,USA
55,Zeke Mackay,448,852,776,655,691,448,USA
56,Dylan Miller,698,448,712,594,DNF,448,USA
57,Patrick Ponce,752,560,765,449,832,449,USA
58,Max Park,569,530,581,512,450,450,USA
59,Max Park,462,478,568,519,450,450,USA
60,Brennen Lin,727,652,746,752,450,450,Canada
61,Tymon Kolasiński,678,451,611,665,746,451,Poland
62,Tymon Kolasiński,501,582,575,469,452,452,Poland
63,Matty Hiroto Inaba,452,488,659,643,796,452,USA
64,Kim Roger Høyland Larsen,820,714,745,453,651,453,Norway
65,Max Park,488,570,556,453,480,453,USA
66,Tymon Kolasiński,453,573,466,560,679,453,Poland
67,Luke Garrett,750,527,453,583,622,453,USA
68,Max Park,534,550,512,454,596,454,USA
69,Max Park,577,583,631,454,580,454,USA
70,Tymon Kolasiński,670,569,454,513,724,454,Poland
71,Luke Griesser,672,454,660,626,519,454,USA
72,Tymon Kolasiński,617,455,710,704,1018,455,Poland
73,Max Siauw,614,455,640,664,820,455,USA
74,Tymon Kolasiński,643,741,456,483,711,456,Poland
75,Luke Garrett,595,568,457,674,595,457,USA
76,Ruihang Xu (许瑞航),458,618,958,509,782,458,China
77,Tymon Kolasiński,651,578,552,458,557,458,Poland
78,SeungBeom Cho (조승범),800,733,728,972,459,459,Korea
79,Feliks Zemdegs,730,579,861,459,576,459,Australia
80,Jakub Kipa,1107,887,893,1179,459,459,Poland
81,Patrick Ponce,679,579,733,728,459,459,USA
82,Chris Mills,753,695,976,459,604,459,United Kingdom
83,Patrick Ponce,504,672,622,460,552,460,USA
84,Max Park,642,467,559,460,546,460,USA
85,Luke Garrett,521,502,461,538,657,461,USA
86,Tymon Kolasiński,461,566,559,479,611,461,Poland
87,Matty Hiroto Inaba,462,556,679,694,601,462,USA
88,Bill Wang,525,671,697,462,773,462,Canada
89,Leo Borromeo,640,585,510,462,761,462,Philippines
90,Tymon Kolasiński,625,474,586,979,463,463,Poland
91,Tymon Kolasiński,548,610,630,503,463,463,Poland
92,Richard Delacoste,778,658,782,463,769,463,Switzerland
93,Tanzer Balimtas,974,1263,949,809,464,464,USA
94,Tymon Kolasiński,516,504,464,619,609,464,Poland
95,Asher Kim-Magierek,645,730,464,689,604,464,USA
96,Patrick Ponce,513,704,600,464,561,464,USA
97,Max Park,658,675,614,619,465,465,USA
98,Feliks Zemdegs,624,641,634,630,465,465,Australia
99,Ruihang Xu (许瑞航),615,598,465,591,604,465,China
100,Robert Yomi Cadenas Nuñez,808,465,988,917,723,465,Peru
101,Max Siauw,466,765,567,651,972,466,USA
102,Max Park,597,466,572,518,668,466,USA
103,Kajetan Opach,708,868,572,1101,466,466,Poland
104,Feliks Zemdegs,716,504,467,655,499,467,Australia
105,Max Park,673,539,531,467,629,467,USA
106,Leo Borromeo,589,571,467,604,587,467,Philippines
107,Tymon Kolasiński,677,709,468,492,678,468,Poland
108,Brian Johnson,468,749,786,590,635,468,USA
109,Max Park,468,548,471,523,514,468,USA
110,Patrick Ponce,793,755,691,776,469,469,USA
111,Tymon Kolasiński,469,544,508,504,593,469,Poland
112,Max Park,504,469,621,592,489,469,USA
113,Max Park,470,593,685,730,579,470,USA
114,Max Park,589,528,470,614,555,470,USA
115,Tymon Kolasiński,470,619,520,505,522,470,Poland
116,Zayn Khanani,798,1117,795,854,471,471,USA
117,Zibo Xu (徐子博),782,472,DNF,867,839,472,China
118,Tymon Kolasiński,591,592,472,625,777,472,Poland
119,Max Park,634,528,571,472,619,472,USA
120,Matty Hiroto Inaba,651,697,545,472,598,472,USA
121,Feliks Zemdegs,666,730,793,696,473,473,Australia
122,Tymon Kolasiński,473,483,524,657,520,473,Poland
123,Matty Hiroto Inaba,473,568,824,602,820,473,USA
124,Mats Valk,645,652,474,1018,771,474,Netherlands
125,Tymon Kolasiński,793,474,706,596,587,474,Poland
126,Matty Hiroto Inaba,523,484,648,568,474,474,USA
127,Max Siauw,849,586,679,474,715,474,USA
128,Feliks Zemdegs,778,475,605,883,631,475,Australia
129,Feliks Zemdegs,556,809,651,475,660,475,Australia
130,Tymon Kolasiński,533,529,475,564,604,475,Poland
131,Tymon Kolasiński,562,545,591,475,545,475,Poland
132,Christopher Yen,690,824,827,896,475,475,USA
133,Luke Garrett,566,639,672,592,475,475,USA
134,Drew Brads,971,725,605,849,476,476,USA
135,Bill Wang,674,717,476,737,783,476,Canada
136,Aaron Huynh,918,476,733,755,617,476,USA
137,Max Park,626,622,726,476,611,476,USA
138,Matty Hiroto Inaba,601,612,476,705,492,476,USA
139,Max Park,562,501,476,595,672,476,USA
140,Tymon Kolasiński,546,677,606,720,476,476,Poland
141,Cornelius Dieckmann,734,477,713,972,805,477,Germany
142,Max Park,695,697,477,709,697,477,USA
143,Tymon Kolasiński,629,667,646,756,477,477,Poland
144,Luke Garrett,609,957,477,846,562,477,USA
145,Leo Borromeo,612,890,535,628,477,477,Philippines
146,Luke Garrett,477,740,571,582,1093,477,USA
147,Max Park,836,478,761,676,767,478,USA
148,Patrick Ponce,833,665,831,478,721,478,USA
149,Kai-Wen Wang (王楷文),599,979,478,704,649,478,Taiwan
150,Ben Zhao,769,1175,685,478,696,478,USA
151,Juliette Sébastien,478,625,970,719,689,478,France
152,Alexander Bashutkin,964,731,624,478,855,478,Russia
153,Max Park,573,614,596,479,502,479,USA
154,Max Park,592,519,479,549,483,479,USA
155,Sei Sugama (洲鎌星),751,480,713,967,868,480,Japan
156,Amos Nordman,856,963,838,911,480,480,Finland
157,Max Park,562,480,596,642,657,480,USA
158,Varun Mohanraj,636,808,792,480,1011,480,USA
159,Patrick Ponce,480,671,548,602,583,480,USA
160,Ryan Wu,480,811,694,703,818,480,Canada
161,Luke Garrett,724,816,596,480,564,480,USA
162,Juliette Sébastien,581,737,721,693,480,480,France
163,Tymon Kolasiński,530,480,591,570,506,480,Poland
164,Tymon Kolasiński,574,584,578,539,480,480,Poland
165,Max Park,625,480,522,591,615,480,USA
166,Max Park,567,514,480,585,531,480,USA
167,Caio Hideaki Sato,672,957,605,480,727,480,Brazil
168,Tymon Kolasiński,504,743,565,480,594,480,Poland
169,Philipp Weyer,481,643,548,626,751,481,Germany
170,Brian Johnson,481,736,785,837,736,481,USA
171,Brennen Lin,762,763,581,664,481,481,Canada
172,Aryan Chhabra,775,860,877,809,481,481,India
173,Tymon Kolasiński,481,567,678,592,580,481,Poland
174,Feliks Zemdegs,766,771,554,688,482,482,Australia
175,Max Park,482,620,602,567,545,482,USA
176,Brennen Lin,608,733,565,1010,482,482,Canada
177,Tymon Kolasiński,689,482,663,499,579,482,Poland
178,Max Park,482,568,553,506,556,482,USA
179,Max Park,727,571,602,482,600,482,USA
180,Cornelius Dieckmann,781,483,805,977,798,483,Germany
181,Sebastian Weyer,794,483,726,734,650,483,Germany
182,Brennen Lin,578,631,483,570,700,483,Canada
183,Myagmardorj Ulziijargal (Өлзийжаргал Мягмардорж),768,1223,484,720,625,484,Mongolia
184,Ruihang Xu (许瑞航),674,615,683,484,703,484,China
185,Max Park,484,570,657,617,586,484,USA
186,Feliks Zemdegs,717,558,732,738,485,485,Australia
187,Feliks Zemdegs,485,688,597,666,DNF,485,Australia
188,Tymon Kolasiński,485,513,574,679,621,485,Poland
189,Blake Thompson,855,486,1306,872,920,486,USA
190,Seung Hyuk Nahm (남승혁),598,486,788,595,757,486,Korea
191,Yiheng Wang (王艺衡),830,930,486,674,881,486,China
192,Tymon Kolasiński,722,571,486,529,819,486,Poland
193,Tymon Kolasiński,539,663,523,596,486,486,Poland
194,Linus Laurén,844,486,788,722,688,486,Finland
195,Max Park,597,600,654,486,552,486,USA
196,Tymon Kolasiński,486,591,635,641,572,486,Poland
197,Tymon Kolasiński,776,601,487,592,593,487,Poland
198,Max Park,487,692,538,616,525,487,USA
199,Danny SungIn Park,593,930,488,961,869,488,Korea
200,Yusheng Du (杜宇生),681,488,690,806,880,488,China
201,Yezhen Han (韩业臻),665,804,600,488,643,488,China
202,Tymon Kolasiński,488,561,539,513,779,488,Poland
203,Evan Liu,913,944,708,1120,488,488,USA
204,Max Park,488,527,567,531,861,488,USA
205,Antonie Paterakis,867,763,797,489,1041,489,Greece
206,Max Park,636,622,712,526,489,489,USA
207,Feliks Zemdegs,489,913,691,555,599,489,Australia
208,Ruihang Xu (许瑞航),694,552,603,489,561,489,China
209,Patrick Ponce,728,489,570,550,863,489,USA
210,Max Park,664,548,597,489,650,489,USA
211,Leo Borromeo,626,672,698,553,489,489,Philippines
212,Kevin Gerhardt,774,489,671,853,746,489,Germany
213,Max Park,636,499,562,489,711,489,USA
214,Luke Garrett,673,658,641,489,536,489,USA
215,Lucas Etter,1094,788,490,924,772,490,USA
216,Seung Hyuk Nahm (남승혁),647,832,612,490,670,490,Korea
217,Max Park,490,572,653,550,556,490,USA
218,Tymon Kolasiński,709,588,650,615,490,490,Poland
219,Tymon Kolasiński,547,564,785,490,750,490,Poland
220,Max Park,508,525,615,490,596,490,USA
221,Jerry Yao,773,618,490,663,829,490,USA
222,Tymon Kolasiński,650,492,619,604,490,490,Poland
223,Jayden McNeill,790,1153,1046,490,751,490,Australia
224,Jeriel James Thomas,774,621,696,490,934,490,Canada
225,Aryan Chhabra,641,491,845,762,774,491,India
226,Tymon Kolasiński,671,527,517,491,676,491,Poland
227,Juliette Sébastien,751,780,801,491,705,491,France
228,Max Park,601,491,548,631,505,491,USA
229,Max Park,626,491,599,531,521,491,USA
230,Max Park,673,609,491,625,636,491,USA
231,Luke Garrett,759,743,491,793,549,491,USA
232,Feliks Zemdegs,728,895,668,623,491,491,Australia
233,Luke Garrett,679,565,491,629,543,491,USA
234,Max Park,653,554,659,566,492,492,USA
235,Tanzer Balimtas,779,493,653,819,1017,493,USA
236,Tymon Kolasiński,523,493,654,584,669,493,Poland
237,Tymon Kolasiński,688,661,655,493,577,493,Poland
238,Matty Hiroto Inaba,619,493,531,771,726,493,USA
239,Patrick Ponce,493,594,680,626,820,493,USA
240,Luke Garrett,849,693,493,647,546,493,USA
241,Max Park,732,664,553,493,642,493,USA
242,Sameer Aggarwal,DNF,694,584,707,493,493,USA
243,Vicenzo Guerino Cecchini,533,570,493,1023,857,493,Brazil
244,Hyo-Min Seo (서효민),935,936,494,919,886,494,Korea
245,Kevin Gerhardt,494,716,901,601,769,494,Germany
246,Amos Nordman,1018,1023,494,981,1036,494,Finland
247,Christopher Yen,841,722,494,866,669,494,USA
248,Max Park,586,494,643,708,561,494,USA
249,Luke Garrett,781,548,710,644,494,494,USA
250,Luke Garrett,667,757,495,665,629,495,USA
251,Max Park,611,553,523,584,495,495,USA
252,Leo Borromeo,708,495,589,DNF,622,495,Philippines
253,Ryan Wu,495,915,991,758,887,495,Canada
254,Szymon Musiał,620,743,581,1065,495,495,Poland
255,Max Park,495,666,528,757,604,495,USA
256,Sameer Aggarwal,495,623,639,615,DNF,495,USA
257,Patrick Ponce,703,738,496,759,688,496,USA
258,Seung Hyuk Nahm (남승혁),496,794,673,778,856,496,Korea
259,Max Park,602,642,496,548,599,496,USA
260,Sebastian Weyer,691,759,590,496,718,496,Germany
261,Tymon Kolasiński,590,496,525,565,661,496,Poland
262,Tymon Kolasiński,496,515,670,638,734,496,Poland
263,Luke Garrett,564,637,635,638,496,496,USA
264,Tymon Kolasiński,597,599,592,496,562,496,Poland
265,Patrick Ponce,560,582,916,496,529,496,USA
266,Christopher Chi,1402,884,1098,1094,496,496,USA
267,Max Park,564,635,612,541,496,496,USA
268,Alexander Bashutkin,776,496,834,814,864,496,Russia
269,Jayden McNeill,809,497,770,1194,758,497,Australia
270,Feliks Zemdegs,566,497,665,607,664,497,Australia
271,Patrick Ponce,497,620,735,683,539,497,USA
272,Matěj Grohmann,717,767,834,751,497,497,Czech Republic
273,Sean Patrick Villanueva,615,619,498,643,736,498,Philippines
274,Ruihang Xu (许瑞航),611,498,607,625,616,498,China
275,Tymon Kolasiński,498,740,632,772,580,498,Poland
276,Luke Garrett,498,760,755,603,583,498,USA
277,Matty Hiroto Inaba,498,617,784,705,562,498,USA
278,Luke Garrett,498,DNF,784,680,610,498,USA
279,Jode Brewster,745,1035,498,708,520,498,Australia
280,Max Park,639,666,741,621,499,499,USA
281,Seung Hyuk Nahm (남승혁),792,825,499,835,703,499,Korea
282,Nicolás Sánchez,499,756,760,777,1056,499,USA
283,Luke Garrett,499,591,671,588,842,499,USA
284,Kajetan Opach,715,499,933,680,740,499,Poland
285,Kai-Wen Wang (王楷文),756,499,890,784,638,499,Taiwan
286,Tymon Kolasiński,500,780,572,499,598,499,Poland
287,Lorenzo Escobar Kraskouskaya,869,945,499,897,891,499,Spain
288,Matty Hiroto Inaba,840,881,502,653,499,499,USA
289,Philipp Weyer,1129,748,500,834,744,500,Germany
290,Luigi Soriano,1310,766,845,500,844,500,USA
291,Chris Mills,885,853,500,932,879,500,United Kingdom
292,Feliks Zemdegs,622,673,500,795,541,500,Australia
293,Ruihang Xu (许瑞航),677,500,833,694,653,500,China
294,Christopher Sun,500,713,791,679,757,500,USA
295,Jules Desjardin,677,758,1073,1184,501,501,France
296,Max Park,516,576,782,501,713,501,USA
297,Matty Hiroto Inaba,501,704,922,664,727,501,USA
298,Ruihang Xu (许瑞航),555,656,501,911,524,501,China
299,Max Park,518,596,624,501,623,501,USA
300,Zayn Khanani,823,737,799,866,501,501,USA
301,Tymon Kolasiński,592,518,572,501,562,501,Poland
302,Chris Mills,737,1056,593,501,991,501,United Kingdom
303,Luke Garrett,624,685,648,501,558,501,USA
304,Kim Roger Høyland Larsen,698,521,604,905,501,501,Norway
305,Jayden McNeill,634,683,1218,834,502,502,Australia
306,Tee Kai Yang,761,899,502,815,727,502,Malaysia
307,Tymon Kolasiński,753,529,645,603,502,502,Poland
308,Twan Dullemond,703,795,588,868,502,502,Netherlands
309,Twan Dullemond,502,657,648,598,762,502,Netherlands
310,James Alonso,851,737,851,502,791,502,United Kingdom
311,Jerry Yao,702,502,731,779,762,502,USA
312,Matty Hiroto Inaba,605,636,502,519,589,502,USA
313,Tymon Kolasiński,510,530,560,502,561,502,Poland
314,Matty Hiroto Inaba,502,658,578,520,686,502,USA
315,Bill Wang,758,907,924,502,708,502,Canada
316,Daniel Gutierrez,684,644,955,502,969,502,USA
317,Max Park,722,646,591,503,654,503,USA
318,Rasmus Stub Detlefsen,859,503,1096,812,1046,503,Denmark
319,Max Park,569,503,722,653,563,503,USA
320,Yiheng Wang (王艺衡),649,590,718,503,703,503,China
321,Tymon Kolasiński,503,531,645,567,582,503,Poland
322,Patrick Ponce,790,503,529,791,647,503,USA
323,Kai-Wen Wang (王楷文),503,918,584,684,721,503,Taiwan
324,Luke Garrett,579,684,610,674,503,503,USA
325,Patrick Ponce,636,710,678,760,503,503,USA
326,Patrick Ponce,948,832,751,504,691,504,USA
327,Ruihang Xu (许瑞航),577,641,515,588,504,504,China
328,Mika Smulders,845,726,606,770,504,504,Netherlands
329,Mats Valk,925,505,808,1002,684,505,Netherlands
330,Philipp Weyer,505,651,856,937,815,505,Germany
331,Feliks Zemdegs,505,592,702,680,653,505,Australia
332,Tymon Kolasiński,505,665,587,633,671,505,Poland
333,Quentin Rivault,921,1011,505,760,661,505,France
334,Tymon Kolasiński,600,505,683,624,633,505,Poland
335,Max Park,614,762,535,623,505,505,USA
336,Danny Sungin Park,635,DNF,901,505,540,505,USA
337,Dylan Miller,649,666,884,505,593,505,USA
338,Patrick Ponce,782,534,505,642,700,505,USA
339,Matty Hiroto Inaba,620,505,574,554,568,505,USA
340,Martin Vædele Egdal,940,792,776,854,506,506,Denmark
341,Kajetan Opach,829,701,506,691,864,506,Poland
342,Jerry Yao,506,1004,939,820,722,506,USA
343,Tommy Cherry,868,506,857,809,753,506,USA
344,Martin Vædele Egdal,691,506,658,808,788,506,Denmark
345,Matty Hiroto Inaba,668,701,789,595,506,506,USA
346,Tymon Kolasiński,534,581,606,548,507,507,Poland
347,Tymon Kolasiński,507,610,591,725,685,507,Poland
348,Tymon Kolasiński,649,795,735,589,507,507,Poland
349,Dylan Miller,507,752,786,646,595,507,USA
350,Luke Garrett,566,529,507,624,570,507,USA
351,Olaf Kuźmiński,699,507,594,564,617,507,Poland
352,Keaton Ellis,726,648,979,879,508,508,USA
353,Patrick Ponce,651,725,539,745,508,508,USA
354,Max Park,639,508,653,630,595,508,USA
355,Feliks Zemdegs,789,715,642,508,640,508,Australia
356,Patrick Ponce,859,612,508,822,937,508,USA
357,Max Siauw,990,806,701,644,508,508,USA
358,Juliette Sébastien,808,847,688,779,508,508,France
359,Dylan Miller,957,508,782,654,717,508,USA
360,Feliks Zemdegs,680,544,595,696,508,508,Australia
361,Max Siauw,508,803,888,724,689,508,USA
362,Mantas Urbanavičius,953,660,763,728,508,508,Lithuania
363,Ole Meindersma,736,916,788,508,950,508,Netherlands
364,Tymon Kolasiński,595,667,576,508,931,508,Poland
365,Luke Garrett,508,725,712,665,525,508,USA
366,Kajetan Opach,882,787,744,750,508,508,Poland
367,Tymon Kolasiński,591,527,565,508,569,508,Poland
368,Feliks Zemdegs,608,943,1493,508,674,508,Australia
369,Max Siauw,767,717,508,634,705,508,USA
370,Matty Hiroto Inaba,508,629,520,623,660,508,USA
371,Tymon Kolasiński,563,508,524,567,735,508,Poland
372,Keaton Ellis,509,931,889,959,833,509,USA
373,Brenton Angelo Lo Wong,509,843,814,964,681,509,Philippines
374,Tymon Kolasiński,616,540,676,573,509,509,Poland
375,Riley Dexter,612,680,754,990,509,509,Australia
376,Max Park,509,580,644,713,578,509,USA
377,Alexandre Carlier,509,1042,683,866,838,509,France
378,Max Park,632,660,571,509,590,509,USA
379,Danny Sungin Park,780,509,788,962,825,509,USA
380,Asher Kim-Magierek,724,634,658,820,509,509,USA
381,Max Park,647,509,528,523,740,509,USA
382,Krish Shah-Nathwani,900,689,509,737,660,509,USA
383,Antoine Cantin,740,510,840,614,819,510,Canada
384,Philipp Weyer,722,653,510,657,787,510,Germany
385,Sebastian Weyer,687,658,660,752,510,510,Germany
386,Max Park,615,599,510,581,624,510,USA
387,Brian Johnson,750,627,510,807,754,510,USA
388,Matty Hiroto Inaba,752,652,510,607,521,510,USA
389,Magdalena Pabisz,967,867,831,738,510,510,Poland
390,Patrick Ponce,857,510,769,710,758,510,USA
391,Leo Borromeo,790,510,595,539,510,510,Philippines
392,Kyle Santucci,858,510,687,701,798,510,Canada
393,Feliks Zemdegs,667,510,531,575,693,510,Australia
394,Matty Hiroto Inaba,686,620,532,567,510,510,USA
395,Blake Thompson,769,815,926,511,978,511,USA
396,Tomoya Firman,868,839,779,511,770,511,Australia
397,Seung Hyuk Nahm (남승혁),722,605,782,729,511,511,Korea
398,Feliks Zemdegs,889,579,520,511,742,511,Australia
399,Tymon Kolasiński,618,692,511,657,520,511,Poland
400,Kerry Creech,868,931,870,511,782,511,USA
401,Max Park,511,609,555,514,566,511,USA
402,Jung Hwan Lee,954,739,1141,1032,512,512,Korea
403,Jay Benedict Alfaras,512,735,776,831,717,512,Philippines
404,Elian Beguec,512,912,930,858,886,512,France
405,Leo Borromeo,689,512,535,746,688,512,Philippines
406,Łukasz Burliga,1014,512,728,679,698,512,Poland
407,Luke Garrett,512,917,995,513,733,512,USA
408,Martin Vædele Egdal,772,637,512,734,898,512,Denmark
409,Tymon Kolasiński,597,512,605,586,568,512,Poland
410,Brennen Lin,512,780,745,936,716,512,Canada
411,Andrew Y. Feng,850,700,512,732,564,512,USA
412,Mats Valk,513,899,693,991,711,513,Netherlands
413,Christopher Yen,817,703,807,513,743,513,USA
414,Tymon Kolasiński,537,575,517,513,671,513,Poland
415,Luke Garrett,761,586,581,735,513,513,USA
416,Feliks Zemdegs,513,573,708,589,DNF,513,Australia
417,Brenton Angelo Lo Wong,624,854,513,733,683,513,Philippines
418,Luke Garrett,604,589,513,549,579,513,USA
419,Tymon Kolasiński,514,591,592,617,644,514,Poland
420,Max Park,629,514,574,678,696,514,USA
421,Max Park,679,544,633,587,514,514,USA
422,Luke Garrett,768,568,514,549,830,514,USA
423,Ryan Wu,872,514,780,1127,916,514,Canada
424,Matty Hiroto Inaba,662,637,514,563,560,514,USA
425,Aaron Huynh,886,643,753,803,514,514,USA
426,Max Park,601,568,678,514,681,514,USA
427,Herman Westerlund Kalland,984,615,603,659,514,514,Norway
428,Ng Yong Teng,688,914,757,514,1023,514,Singapore
429,Max Park,515,687,608,643,653,515,USA
430,Lucas Etter,667,515,775,722,744,515,USA
431,Feliks Zemdegs,656,751,515,625,629,515,Australia
432,Luke Garrett,595,844,752,611,515,515,USA
433,Tymon Kolasiński,515,551,562,517,565,515,Poland
434,Brian Johnson,636,547,515,589,721,515,USA
435,Max Park,912,516,898,821,622,516,USA
436,Danny SungIn Park,625,663,736,516,1007,516,Korea
437,Yezhen Han (韩业臻),571,701,617,516,831,516,China
438,Alexander Bashutkin,DNF,815,797,707,516,516,Russia
439,Brian Johnson,516,614,644,812,582,516,USA
440,Kim Roger Høyland Larsen,635,562,565,516,744,516,Norway
441,Dylan Miller,770,692,650,516,634,516,USA
442,Brian Johnson,683,670,516,808,609,516,USA
443,Tymon Kolasiński,627,516,658,673,740,516,Poland
444,Max Park,660,516,558,623,577,516,USA
445,Elvin Thorsen,604,1073,715,516,1189,516,Sweden
446,Feliks Zemdegs,516,630,645,680,703,516,Australia
447,Twan Dullemond,991,516,873,764,866,516,Netherlands
448,Patrick Ponce,516,1578,654,584,729,516,USA
449,Firstian Fushada (符逢城),516,747,687,591,806,516,Indonesia
450,Max Park,517,643,626,559,653,517,USA
451,Ruihang Xu (许瑞航),646,580,723,517,562,517,China
452,Feliks Zemdegs,735,517,625,767,650,517,Australia
453,Max Siauw,517,686,806,745,609,517,USA
454,Mantas Urbanavičius,729,517,707,663,789,517,Lithuania
455,Max Park,542,628,568,517,533,517,USA
456,Matty Hiroto Inaba,517,575,840,572,764,517,USA
457,Luke Garrett,519,517,703,630,644,517,USA
458,Feliks Zemdegs,518,703,686,753,694,518,Australia
459,Patrick Ponce,678,907,683,518,594,518,USA
460,Lukas Shelley,719,1039,783,710,518,518,Denmark
461,Carter Kucala,518,832,728,639,842,518,USA
462,Carson Widjaja,718,518,849,973,734,518,USA
463,Morgan Yeh,848,652,773,809,518,518,Canada
464,Luke Garrett,659,635,914,839,518,518,USA
465,Max Siauw,745,589,518,946,713,518,USA
466,Caio Hideaki Sato,684,616,518,673,635,518,Brazil
467,Rasmus Stub Detlefsen,816,518,669,930,969,518,Denmark
468,Kai-Wen Wang (王楷文),1115,783,772,769,519,519,Taiwan
469,Mats Valk,519,721,921,643,702,519,Netherlands
470,Alexandre Carlier,824,DNF,824,1207,519,519,France
471,Adrien Auvray Matyn,627,745,787,519,686,519,New Zealand
472,Tanish Dhiman,969,802,672,519,659,519,Germany
473,Patrick Ponce,907,709,622,604,519,519,USA
474,Luke Griesser,627,626,555,519,825,519,USA
475,Alexandre Carlier,680,629,519,887,957,519,France
476,Tymon Kolasiński,587,519,544,581,683,519,Poland
477,Ben Zhao,529,693,885,519,781,519,USA
478,Max Siauw,561,519,775,624,717,519,USA
479,Timothy Castle,519,716,1096,810,783,519,USA
480,Tyler Robinson,831,773,519,965,933,519,USA
481,Feliks Zemdegs,751,674,520,735,642,520,Australia
482,Feliks Zemdegs,761,644,560,731,520,520,Australia
483,Sebastian Weyer,691,798,622,619,520,520,Germany
484,Max Park,796,638,520,739,679,520,USA
485,Kymberlyn Calderon,751,959,854,875,520,520,USA
486,Philipp Weyer,686,698,520,650,603,520,Germany
487,Patrick Ponce,639,520,762,711,688,520,USA
488,Ruihang Xu (许瑞航),727,1856,520,620,648,520,China
489,Luke Garrett,594,520,541,743,669,520,USA
490,Ben Baron,818,829,712,520,681,520,Israel
491,Luke Garrett,530,713,771,520,667,520,USA
492,Birk Joench-Clausen,788,520,DNF,697,842,520,Denmark
493,Nicolás Sánchez,520,1159,901,736,670,520,USA
494,Luke Garrett,549,633,617,520,560,520,USA
495,Antonie Paterakis,706,670,733,735,520,520,Netherlands
496,Max Park,624,560,520,548,603,520,USA
497,Nicolás Sánchez,520,760,926,861,764,520,USA
498,Twan Dullemond,875,520,574,894,681,520,Netherlands
499,Martin Vædele Egdal,865,521,690,750,752,521,Denmark
500,Max Siauw,774,713,521,735,1160,521,USA
501,Luke Garrett,745,675,629,699,521,521,USA
502,Max Park,534,521,532,606,576,521,USA
503,Max Park,521,538,564,527,632,521,USA
504,Luke Garrett,620,521,617,780,616,521,USA
505,Bryan Eng,1159,816,521,729,766,521,Australia
506,Feliks Zemdegs,587,761,620,582,521,521,Australia
507,Riley Dexter,711,684,795,1003,521,521,Australia
508,Tymon Kolasiński,564,521,596,674,758,521,Poland
509,Max Park,535,521,536,621,687,521,USA
510,Daniel Karnaukh,859,686,715,521,866,521,USA
511,Max Park,521,591,614,727,677,521,USA
512,Rami Sbahi,751,522,770,1021,842,522,USA
513,Sebastian Weyer,658,522,922,723,627,522,Germany
514,Seung Hyuk Nahm (남승혁),931,796,600,522,741,522,Korea
515,Tymon Kolasiński,638,586,522,584,566,522,Poland
516,Tymon Kolasiński,755,613,522,710,588,522,Poland
517,Juliette Sébastien,722,685,522,681,732,522,France
518,Patrick Ponce,647,792,597,522,569,522,USA
519,Max Park,568,586,577,522,542,522,USA
520,Carlos Méndez García-Barroso,730,522,865,860,977,522,Spain
521,Patrick Ponce,522,570,581,651,589,522,USA
522,Brian Johnson,731,840,638,924,522,522,USA
523,Luke Griesser,522,697,746,806,586,522,USA
524,Feliks Zemdegs,536,805,672,522,613,522,Australia
525,Nicolás Sánchez,873,825,864,523,1216,523,USA
526,Max Park,668,692,625,523,761,523,USA
527,Weihao Kong (孔维浩),732,797,525,523,672,523,China
528,Matty Hiroto Inaba,576,578,523,620,666,523,USA
529,Ping-Yueh Huang (黃品越),523,783,875,1126,697,523,Taiwan
530,Asher Kim-Magierek,643,523,621,826,873,523,USA
531,Max Park,586,523,575,616,641,523,USA
532,Brian Johnson,656,523,777,673,821,523,USA
533,Max Siauw,795,884,626,523,744,523,USA
534,Zeke Mackay,688,958,686,738,523,523,USA
535,Kim Roger Høyland Larsen,723,658,523,727,654,523,Norway
536,Brennen Lin,648,523,584,683,591,523,Canada
537,Ben Zhao,715,523,751,834,657,523,USA
538,Patrick Ponce,571,623,523,713,686,523,USA
539,Patrick Ponce,524,935,612,784,657,524,USA
540,Feliks Zemdegs,607,564,524,602,841,524,Australia
541,Tymon Kolasiński,524,780,1396,868,981,524,Poland
542,Feliks Zemdegs,648,720,838,790,524,524,Australia
543,Carlos Méndez García-Barroso,1672,1788,1241,524,799,524,Spain
544,Max Park,607,602,752,645,524,524,USA
545,Tymon Kolasiński,995,524,957,630,981,524,Poland
546,Feliks Zemdegs,616,691,524,793,577,524,Australia
547,Yiheng Wang (王艺衡),643,703,719,896,524,524,China
548,Matty Hiroto Inaba,627,524,601,571,608,524,USA
549,Phillip Lewicki,524,586,692,788,740,524,USA
550,Asher Kim-Magierek,833,524,829,618,819,524,USA
551,Asher Kim-Magierek,807,646,626,562,524,524,USA
552,Patrick Ponce,693,545,524,616,665,524,USA
553,Kyle Santucci,682,768,524,731,760,524,Canada
554,Patrick Ponce,600,524,651,631,821,524,USA
555,Luke Garrett,547,965,724,680,524,524,USA
556,Angel Armando Jaime Sánchez,915,1122,617,798,524,524,Mexico
557,Jack Pfeifer,524,764,903,735,914,524,USA
558,Collin Burns,910,968,525,732,1077,525,USA
559,Feliks Zemdegs,599,528,525,613,919,525,Australia
560,Philipp Weyer,525,DNF,802,661,744,525,Germany
561,Kevin Gerhardt,815,703,525,752,818,525,Germany
562,Tee Kai Yang,783,525,762,762,854,525,Malaysia
563,Max Park,709,698,636,525,600,525,USA
564,Mats Valk,661,880,620,525,801,525,Netherlands
565,Max Park,654,693,593,564,525,525,USA
566,Tymon Kolasiński,525,641,642,682,664,525,Poland
567,Łukasz Burliga,711,922,525,769,896,525,Poland
568,Max Park,835,715,526,701,743,526,USA
569,Max Park,639,682,526,692,592,526,USA
570,Max Park,655,592,716,611,526,526,USA
571,Max Siauw,740,750,777,730,526,526,USA
572,Feliks Zemdegs,643,526,737,665,571,526,Australia
573,Patrick Ponce,592,526,723,614,543,526,USA
574,Zayn Khanani,581,772,771,526,758,526,USA
575,Tymon Kolasiński,651,716,526,533,545,526,Poland
576,Tymon Kolasiński,571,527,737,526,823,526,Poland
577,Jason Harley,881,848,854,526,904,526,United Kingdom
578,Varun Mohanraj,802,609,854,756,526,526,USA
579,Luke Griesser,682,526,713,685,691,526,USA
580,Asher Kim-Magierek,526,929,591,682,841,526,USA
581,Max Park,558,570,622,526,598,526,USA
582,Patrick Ponce,568,670,620,527,722,527,USA
583,Mats Valk,809,527,622,747,803,527,Netherlands
584,Bartłomiej Owczarek,527,866,919,839,877,527,Poland
585,Tymon Kolasiński,568,540,553,527,751,527,Poland
586,Max Park,695,670,673,641,527,527,USA
587,Luke Garrett,643,651,527,535,793,527,USA
588,Brian Johnson,596,641,659,527,792,527,USA
589,Luke Garrett,763,527,742,676,745,527,USA
590,Ianis Costin Chele,990,893,778,866,527,527,Romania
591,Sameer Aggarwal,527,DNF,805,692,702,527,USA
592,Luke Griesser,527,857,757,628,744,527,USA
593,Julian Bürgi,527,970,745,898,688,527,Switzerland
594,Brian Johnson,538,527,856,638,624,527,USA
595,Philipp Weyer,528,696,793,952,793,528,Germany
596,Max Park,614,996,651,528,604,528,USA
597,Patrick Ponce,582,528,824,820,836,528,USA
598,Seung Hyuk Nahm (남승혁),730,528,756,691,582,528,Korea
599,Feliks Zemdegs,766,655,643,684,528,528,Australia
600,Brian Johnson,959,601,528,660,DNF,528,USA
601,Tymon Kolasiński,827,692,538,528,558,528,Poland
602,Morgan Yeh,732,528,774,634,757,528,Canada
603,Luke Garrett,830,593,586,558,528,528,USA
604,Fahmi Aulia Rachman,DNF,711,867,528,702,528,Indonesia
605,Lucas Etter,721,968,717,529,676,529,USA
606,Bill Wang,825,728,685,529,652,529,Canada
607,Andrey Che,835,697,760,930,529,529,Russia
608,Leo Borromeo,783,529,806,606,700,529,Philippines
609,Ruihang Xu (许瑞航),598,529,536,666,680,529,China
610,Luke Garrett,529,641,738,661,632,529,USA
611,Brian Johnson,711,594,529,1354,776,529,USA
612,Caio Hideaki Sato,888,568,529,777,910,529,Brazil
613,Juliette Sébastien,653,613,529,821,671,529,France
614,Luke Garrett,558,830,615,529,681,529,USA
615,Patrick Ponce,607,614,593,529,884,529,USA
616,Zayn Khanani,913,911,853,529,676,529,USA
617,James Alonso,572,1057,529,704,759,529,United Kingdom
618,Max Siauw,631,631,629,576,529,529,USA
619,Feliks Zemdegs,844,559,530,723,809,530,Australia
620,Feliks Zemdegs,581,530,651,604,643,530,Australia
621,Max Park,824,601,791,530,664,530,USA
622,Qiyu Zhang (张淇奥),530,799,923,926,780,530,China
623,Lucas Etter,734,542,581,530,933,530,USA
624,Yezhen Han (韩业臻),587,542,530,753,542,530,China
625,Matty Hiroto Inaba,582,752,739,558,530,530,USA
626,Matty Hiroto Inaba,593,677,706,530,534,530,USA
627,Max Park,633,724,659,768,530,530,USA
628,Carson Widjaja,966,728,789,530,783,530,USA
629,Max Park,688,531,569,578,530,530,USA
630,Marek Majerik,855,700,988,769,530,530,Slovakia
631,Jiayu Wang (王佳宇),861,870,764,531,790,531,China
632,Tymon Kolasiński,670,1014,678,666,531,531,Poland
633,Patrick Ponce,531,851,589,628,710,531,USA
634,Martin Vædele Egdal,684,931,659,840,531,531,Denmark
635,Mats Valk,776,721,760,531,631,531,Netherlands
636,Tymon Kolasiński,875,756,531,649,640,531,Poland
637,Dylan Wang,1112,892,531,1021,810,531,Canada
638,Ruihang Xu (许瑞航),DNF,674,545,626,531,531,China
639,Luke Garrett,667,644,531,674,597,531,USA
640,Patrick Ponce,614,563,666,531,646,531,USA
641,Leo Borromeo,606,657,531,664,562,531,Philippines
642,Ben Zhao,733,874,531,827,970,531,USA
643,Brian Johnson,531,777,763,835,886,531,USA
644,Jode Brewster,774,664,596,733,531,531,Australia
645,Derek Hsieh,680,901,DNF,1556,531,531,USA
646,Tymon Kolasiński,720,531,571,541,543,531,Poland
647,Simon Kellum,1105,531,836,867,912,531,USA
648,Ahmet Çınar Ablak,531,810,838,805,1440,531,Turkey
649,Max Siauw,579,531,695,972,930,531,USA
650,Feliks Zemdegs,740,659,532,684,685,532,Australia
651,Lucas Etter,1148,804,532,734,840,532,USA
652,Feliks Zemdegs,680,642,666,532,901,532,Australia
653,Patrick Ponce,695,603,870,848,532,532,USA
654,Yang Li (李扬),532,749,1052,1218,902,532,China
655,Jayden McNeill,694,863,971,655,532,532,Australia
656,Max Park,700,611,537,672,532,532,USA
657,Tymon Kolasiński,532,592,566,757,677,532,Poland
658,Tymon Kolasiński,740,719,566,604,532,532,Poland
659,Weihao Kong (孔维浩),579,532,699,671,688,532,China
660,Max Park,748,634,680,532,560,532,USA
661,Max Park,611,532,545,567,692,532,USA
662,Ben Kirby,717,784,532,851,946,532,New Zealand
663,Luke Garrett,532,902,646,773,781,532,USA
664,Dylan Miller,857,706,532,770,807,532,USA
665,Patrick Ponce,729,856,601,921,532,532,USA
666,Kyle Santucci,664,817,532,673,662,532,Canada
667,Tucker Chamberlain,868,848,532,949,1143,532,USA
668,Max Park,532,574,618,571,588,532,USA
669,Jerry Yao,532,566,622,560,1195,532,USA
670,Matěj Grohmann,1014,533,1039,906,831,533,Czech Republic
671,Max Park,690,709,533,621,609,533,USA
672,Feliks Zemdegs,559,640,533,652,DNF,533,Australia
673,Philipp Weyer,675,533,786,719,759,533,Germany
674,Max Park,699,656,649,533,632,533,USA
675,Max Park,657,552,579,690,533,533,USA
676,Feliks Zemdegs,533,536,886,604,646,533,Australia
677,Feliks Zemdegs,633,533,570,792,638,533,Australia
678,Twan Dullemond,533,674,790,1028,569,533,Netherlands
679,Antonie Paterakis,670,1079,616,609,533,533,Netherlands
680,Feliks Zemdegs,534,881,738,674,621,534,Australia
681,Feliks Zemdegs,610,738,534,748,714,534,Australia
682,Max Park,534,538,611,661,818,534,USA
683,Tommy Kiprillis,876,534,798,900,748,534,Australia
684,Mykyta Tytar (Микита Титарь),1028,867,534,936,1093,534,Ukraine
685,Max Park,656,667,692,534,737,534,USA
686,Brenton Angelo Lo Wong,994,883,878,854,534,534,Philippines
687,Sebastian Weyer,626,692,908,534,691,534,Germany
688,Philipp Weyer,684,534,603,633,812,534,Germany
689,Patrick Ponce,704,534,758,673,858,534,USA
690,Twan Dullemond,770,722,709,534,643,534,Netherlands
691,Zhouheng Sun (孙舟横),701,534,690,863,859,534,China
692,Adam Kędziorski,984,767,534,845,1008,534,Poland
693,Timothy Castle,874,534,856,926,1123,534,USA
694,Tymon Kolasiński,642,560,556,547,534,534,Poland
695,Sean Patrick Villanueva,534,592,670,606,665,534,Philippines
696,Kevin Gerhardt,534,747,815,1330,818,534,Germany
697,Luke Garrett,534,771,575,914,600,534,USA
698,Muhammad Faeyza Koda,1084,534,937,1013,845,534,Indonesia
699,Leon Schmidtchen,704,992,962,535,996,535,Germany
700,Feliks Zemdegs,638,535,721,538,598,535,Australia
701,Brian Johnson,796,615,535,635,587,535,USA
702,Tymon Kolasiński,613,592,597,560,535,535,Poland
703,Peter Weyers,897,975,888,981,535,535,USA
704,Luke Tycksen,535,674,684,912,655,535,USA
705,Twan Dullemond,609,767,680,680,535,535,Netherlands
706,Feliks Zemdegs,829,785,536,817,564,536,Australia
707,Feliks Zemdegs,826,751,695,731,536,536,Australia
708,Max Park,536,689,586,603,688,536,USA
709,Seung Hyuk Nahm (남승혁),665,536,887,731,707,536,Korea
710,Alexandre Carlier,876,817,872,899,536,536,France
711,Leo Borromeo,874,803,723,605,536,536,Philippines
712,Max Park,632,550,638,602,536,536,USA
713,Max Park,745,636,788,829,536,536,USA
714,Biel Salmons Gonzalez,1120,536,715,737,1003,536,Spain
715,Caio Hideaki Sato,733,748,753,712,536,536,Brazil
716,Philipp Weyer,684,685,737,536,731,536,Germany
717,Patrick Ponce,663,865,536,545,748,536,USA
718,Dylan Miller,745,536,539,786,801,536,USA
719,Kim Roger Høyland Larsen,573,536,996,1102,821,536,Norway
720,Ben Baron,536,662,616,622,616,536,Israel
721,David Epstein,754,769,536,879,695,536,Australia
722,Tymon Kolasiński,622,554,536,577,544,536,Poland
723,Zeke Mackay,1022,804,687,536,746,536,USA
724,Patrick Ponce,709,537,888,712,752,537,USA
725,Dana Yi,928,1194,1009,908,537,537,USA
726,Alexandre Carlier,750,918,846,755,537,537,France
727,Leo Borromeo,790,537,1032,735,848,537,Philippines
728,Feliks Zemdegs,755,742,537,654,850,537,Australia
729,Philipp Weyer,750,1068,537,623,664,537,Germany
730,Martin Vædele Egdal,717,726,537,787,807,537,Denmark
731,Ben Kirby,924,774,537,792,820,537,New Zealand
732,Antonie Paterakis,640,749,537,723,570,537,Netherlands
733,Max Siauw,537,839,789,660,741,537,USA
734,Max Park,636,537,624,830,663,537,USA
735,Kyle Santucci,715,692,643,537,988,537,Canada
736,Juliette Sébastien,741,537,688,896,780,537,France
737,Sebastian Weyer,537,762,784,724,976,537,Germany
738,Juliette Sébastien,625,537,792,750,595,537,France
739,Dylan Miller,596,789,537,762,694,537,USA
740,Theo Goluboff,689,625,864,776,537,537,Argentina
741,James Alonso,744,622,537,824,1240,537,United Kingdom
742,Collin Burns,985,822,893,878,538,538,USA
743,Daniel Rose-Levine,681,1047,998,906,538,538,USA
744,Feliks Zemdegs,712,632,587,539,538,538,Australia
745,Feliks Zemdegs,671,538,631,637,605,538,Australia
746,Yezhen Han (韩业臻),638,538,853,753,645,538,China
747,Yiheng Wang (王艺衡),618,619,674,724,538,538,China
748,Herman Westerlund Kalland,769,708,538,804,744,538,Norway
749,Patrick Ponce,786,776,726,705,538,538,USA
750,Luke Garrett,571,797,538,591,657,538,USA
751,Gael Augusto Lapeyre,747,538,714,828,799,538,Argentina
752,Luke Garrett,767,598,540,538,618,538,USA
753,Tu Pham,748,538,914,760,984,538,Vietnam
754,Kyle Santucci,716,538,581,598,600,538,Canada
755,Max Park,561,538,576,671,665,538,USA
756,Feliks Zemdegs,539,780,738,787,572,539,Australia
757,Feliks Zemdegs,691,539,757,598,679,539,Australia
758,Max Park,564,784,642,622,539,539,USA
759,Feliks Zemdegs,666,789,682,627,539,539,Australia
760,Patrick Ponce,539,738,873,612,656,539,USA
761,Roger Lightbody III,911,891,842,1048,539,539,USA
762,Weihao Kong (孔维浩),539,738,691,935,761,539,China
763,Asher Kim-Magierek,539,812,953,705,993,539,USA
764,Zijian Cai (蔡子健),637,539,683,873,664,539,China
765,Luke Griesser,883,880,696,752,539,539,USA
766,Divnoor Bajwa,930,1010,997,539,865,539,Australia
767,Leo Borromeo,539,774,554,653,566,539,Philippines
768,Shaun Mack,539,947,1100,899,841,539,USA
769,Szymon Musiał,539,815,922,639,1141,539,Poland
770,Brendyn Dunagan,539,936,648,669,755,539,USA
771,Danny Sungin Park,708,539,884,641,982,539,USA
772,Brenton Angelo Lo Wong,732,768,729,669,539,539,Philippines
773,Patrick Ponce,584,596,545,618,539,539,USA
774,Alexandre Carlier,540,801,843,936,832,540,France
775,Seung Hyuk Nahm (남승혁),602,769,703,637,540,540,Korea
776,Mats Valk,633,843,800,802,540,540,Netherlands
777,Christopher Yen,800,938,839,540,657,540,USA
778,Max Park,617,540,689,607,735,540,USA
779,Feliks Zemdegs,576,540,572,681,DNF,540,Australia
780,Max Park,540,598,618,600,640,540,USA
781,Valerio Locatelli,706,708,676,540,765,540,Italy
782,Matty Hiroto Inaba,630,581,540,804,690,540,USA
783,Luke Garrett,902,665,691,692,540,540,USA
784,Luke Garrett,698,755,540,740,644,540,USA
785,Patrick Ponce,756,540,594,967,681,540,USA
786,Dominic Redisi,540,809,1138,DNF,647,540,USA
787,Twan Dullemond,695,800,540,716,691,540,Netherlands
788,Antoine Cantin,887,684,784,541,820,541,Canada
789,Feliks Zemdegs,813,848,684,541,700,541,Australia
790,Feliks Zemdegs,737,664,541,956,622,541,Australia
791,Mats Valk,1077,727,541,611,858,541,Netherlands
792,Feliks Zemdegs,861,669,736,541,712,541,Australia
793,Lucas Etter,662,617,541,675,730,541,USA
794,Patrick Ponce,541,626,570,869,661,541,USA
795,Ray Bai,756,541,692,929,778,541,USA
796,Elijah Brown,910,905,983,541,991,541,USA
797,Patrick Ponce,541,691,548,632,779,541,USA
798,Matty Hiroto Inaba,541,662,592,604,837,541,USA
799,Philipp Weyer,707,757,541,774,1072,541,Germany
800,Tymon Kolasiński,597,593,847,541,594,541,Poland
801,Linus Laurén,623,1261,913,541,825,541,Finland
802,Luke Garrett,730,541,963,DNF,624,541,USA
803,Jakob Gunnarsson,772,755,541,817,636,541,Sweden
804,Luke Garrett,668,541,779,647,624,541,USA
805,Antonie Paterakis,724,541,868,691,632,541,Netherlands
806,Theo Goluboff,679,735,704,DNF,541,541,Argentina
807,Brian Johnson,1124,541,637,638,651,541,USA
808,Feliks Zemdegs,745,577,729,542,703,542,Australia
809,Drew Brads,542,837,758,788,554,542,USA
810,Jayden McNeill,688,893,650,768,542,542,Australia
811,Max Park,689,542,621,794,679,542,USA
812,Zibo Xu (徐子博),632,542,863,725,881,542,China
813,Dylan Miller,864,DNF,664,815,542,542,USA
814,Leon Schmidtchen,1081,983,1378,542,771,542,Germany
815,Patrick Ponce,909,886,542,769,762,542,USA
816,Dylan Miller,542,707,783,600,827,542,USA
817,Matty Hiroto Inaba,714,666,549,542,599,542,USA
818,Joshua Hounslow,859,743,1007,542,770,542,Australia
819,Feliks Zemdegs,674,642,760,693,542,542,Australia
820,Brennen Lin,672,623,731,721,542,542,Canada
821,Jack Pfeifer,766,783,782,542,900,542,USA
822,Lucas Kuczaj,841,751,DNF,542,1252,542,Canada
823,Max Park,775,543,641,614,832,543,USA
824,Feliks Zemdegs,654,646,597,1039,543,543,Australia
825,Max Park,543,710,679,686,779,543,USA
826,Philipp Weyer,782,672,661,699,543,543,Germany
827,Daniel Karnaukh,887,543,763,890,940,543,USA
828,Ruihang Xu (许瑞航),543,656,756,772,676,543,China
829,Zixuan Yang (杨子轩),744,743,773,638,543,543,China
830,Luke Garrett,667,654,543,687,808,543,USA
831,Patrick Ponce,543,665,685,871,628,543,USA
832,Leo Palfrey,806,1158,994,543,719,543,United Kingdom
833,Christopher Yen,776,844,753,865,543,543,USA
834,Leo Borromeo,543,559,601,617,608,543,Philippines
835,Max Siauw,557,718,613,821,543,543,USA
836,Sameer Aggarwal,543,666,949,684,780,543,USA
837,Mats Valk,754,543,DNF,749,619,543,Netherlands
838,Zayn Khanani,711,994,1174,543,736,543,USA
839,Tristan Chua Yong,837,679,723,543,DNF,543,Singapore
840,János Bereczki,843,766,861,869,543,543,Romania
841,Leo Borromeo,726,652,713,683,543,543,Philippines
842,Feliks Zemdegs,702,544,591,671,699,544,Australia
843,Feliks Zemdegs,633,847,544,669,611,544,Australia
844,Myagmardorj Ulziijargal (Өлзийжаргал Мягмардорж),897,544,748,703,862,544,Mongolia
845,Max Park,581,702,613,544,702,544,USA
846,Sebastian Weyer,644,544,831,689,725,544,Germany
847,Lucas Etter,748,544,679,787,674,544,USA
848,Feliks Zemdegs,814,671,544,663,606,544,Australia
849,Anthony Brooks,741,738,752,544,774,544,USA
850,Seung Hyuk Nahm (남승혁),790,893,611,544,714,544,Korea
851,Asher Kim-Magierek,544,713,705,703,756,544,USA
852,Sebastian Weyer,544,634,874,734,674,544,Germany
853,Feliks Zemdegs,635,544,662,636,658,544,Australia
854,Sean Patrick Villanueva,601,700,544,725,677,544,Philippines
855,Andrey Che,710,894,707,544,827,544,Russia
856,Patrick Ponce,544,723,552,616,544,544,USA
857,Zeke Mackay,679,669,953,758,544,544,USA
858,Luke Garrett,544,614,735,613,949,544,USA
859,Richard Delacoste,709,945,544,637,664,544,Switzerland
860,Angel Armando Jaime Sánchez,544,810,794,795,742,544,Mexico
861,Kyle Santucci,746,641,544,674,783,544,Canada
862,Simon Kellum,544,987,743,726,825,544,USA
863,Max Siauw,724,679,589,596,544,544,USA
864,Zayn Khanani,1109,544,925,743,783,544,USA
865,Leo Borromeo,564,645,591,825,544,544,Philippines
866,Drew Brads,723,545,696,761,792,545,USA
867,Max Park,653,683,768,545,570,545,USA
868,Max Park,670,727,590,545,719,545,USA
869,Alexandre Carlier,634,933,838,545,655,545,France
870,Juliette Sébastien,752,968,691,1127,545,545,France
871,Leon Schmidtchen,545,735,814,1015,841,545,Germany
872,Andrey Che,836,715,545,894,716,545,Russia
873,Riley Dexter,655,769,545,605,684,545,Australia
874,Asher Kim-Magierek,758,545,776,668,621,545,USA
875,Asher Kim-Magierek,985,545,744,700,867,545,USA
876,Ao Nogami (野上碧),809,587,545,852,873,545,Japan
877,Juliette Sébastien,645,779,650,726,545,545,France
878,Alexandre Carlier,888,856,545,774,672,545,France
879,Burno Li Chak Kwan (李澤堃),545,864,852,847,758,545,Hong Kong
880,Bill Wang,720,685,674,546,706,546,Canada
881,Feliks Zemdegs,608,653,546,622,681,546,Australia
882,Philipp Weyer,846,608,662,546,DNF,546,Germany
883,Patrick Ponce,672,839,772,546,797,546,USA
884,Eva Kato,861,693,546,1249,863,546,USA
885,Seung Hyuk Nahm (남승혁),683,546,619,861,611,546,Korea
886,Sebastian Weyer,546,615,668,740,803,546,Germany
887,Bill Wang,852,546,668,645,711,546,Canada
888,Dylan Miller,611,928,734,546,858,546,USA
889,Antonie Paterakis,702,805,936,546,765,546,Netherlands
890,Sameer Aggarwal,749,704,690,546,833,546,USA
891,Patrick Ponce,730,664,768,548,546,546,USA
892,Zayn Khanani,546,713,901,721,764,546,USA
893,Christopher Yen,757,1044,546,708,576,546,USA
894,Max Siauw,546,692,739,562,640,546,USA
895,Jerry Yao,546,804,693,717,662,546,USA
896,Kai-Wen Wang (王楷文),639,590,763,700,546,546,Taiwan
897,Juliette Sébastien,546,697,777,566,744,546,France
898,Luke Garrett,709,546,744,745,645,546,USA
899,Ben Zhao,636,665,546,856,707,546,USA
900,Patrick Ponce,841,671,564,546,706,546,USA
901,Patrick Ponce,547,840,688,761,836,547,USA
902,Max Park,677,829,648,547,694,547,USA
903,Feliks Zemdegs,687,664,614,625,547,547,Australia
904,Feliks Zemdegs,985,567,547,687,648,547,Australia
905,Leon Schmidtchen,547,927,850,777,1558,547,Germany
906,Alexandre Carlier,778,835,673,877,547,547,France
907,Firstian Fushada (符逢城),547,781,692,737,781,547,Indonesia
908,Feliks Zemdegs,621,585,547,611,657,547,Australia
909,Chris Mills,826,661,619,748,547,547,United Kingdom
910,Luke Garrett,592,645,DNF,802,547,547,USA
911,Tee Kai Yang,547,749,804,856,648,547,Malaysia
912,Alexander Tosting,895,983,1008,547,644,547,Sweden
913,Kim Roger Høyland Larsen,705,817,547,796,705,547,Norway
914,Brian Johnson,807,547,763,602,734,547,USA
915,Matty Hiroto Inaba,618,547,625,711,652,547,USA
916,Vako Marchilashvili (ვაკო მარჩილაშვილი),547,833,751,682,756,547,Georgia
917,Brian Johnson,846,547,856,585,714,547,USA
918,Kevin Gerhardt,548,800,890,893,889,548,Germany
919,SeungBeom Cho (조승범),810,548,865,852,843,548,Korea
920,Łukasz Burliga,787,901,965,548,1033,548,Poland
921,Kevin Gerhardt,694,548,559,720,882,548,Germany
922,Firstian Fushada (符逢城),DNF,548,784,801,655,548,Indonesia
923,Feliks Zemdegs,600,696,548,726,872,548,Australia
924,Luke Griesser,548,623,694,649,655,548,USA
925,Ruihang Xu (许瑞航),556,647,595,548,556,548,China
926,Sebastian Weyer,819,709,797,621,548,548,Germany
927,Max Park,647,673,635,548,554,548,USA
928,Patrick Ponce,839,630,548,640,787,548,USA
929,Ping-Yueh Huang (黃品越),778,641,890,548,847,548,Taiwan
930,Aryan Chhabra,919,857,866,747,548,548,India
931,Patrick Ponce,819,548,686,584,689,548,USA
932,Jerry Yao,DNF,709,714,548,923,548,USA
933,Daniel Rose-Levine,809,712,548,705,1022,548,USA
934,Max Siauw,810,548,699,561,694,548,USA
935,Daniel Gutierrez,682,548,869,1497,820,548,USA
936,Seung Hyuk Nahm (남승혁),548,634,794,813,596,548,Korea
937,Twan Dullemond,648,548,702,702,699,548,Netherlands
938,Tymon Kolasiński,691,563,574,548,557,548,Poland
939,Feliks Zemdegs,679,717,595,548,DNF,548,Australia
940,Max Siauw,624,783,863,623,548,548,USA
941,Brennen Lin,548,579,822,606,730,548,Canada
942,Max Park,637,871,549,603,742,549,USA
943,Max Park,653,745,604,587,549,549,USA
944,Feliks Zemdegs,821,549,646,581,669,549,Australia
945,Max Park,735,654,675,549,688,549,USA
946,Max Park,676,652,598,895,549,549,USA
947,Andy Denney,549,796,657,910,837,549,USA
948,Max Park,592,549,860,706,600,549,USA
949,Patrick Ponce,898,693,549,557,712,549,USA
950,Luke Garrett,669,574,549,667,638,549,USA
951,Patrick Ponce,549,636,850,833,666,549,USA
952,Patrick Ponce,768,549,661,663,643,549,USA
953,Sebastian Weyer,641,695,720,549,715,549,Germany
954,Kim Roger Høyland Larsen,748,549,898,609,844,549,Norway
955,Tymon Kolasiński,627,599,624,549,627,549,Poland
956,Ray Bai,883,808,894,549,732,549,USA
957,Leo Borromeo,641,549,640,838,573,549,Philippines
958,Brian Johnson,549,600,674,563,736,549,USA
959,Kyle Santucci,709,812,693,549,1017,549,Canada
960,Kai-Wen Wang (王楷文),726,578,549,643,892,549,Taiwan
961,Sameer Aggarwal,549,786,684,860,586,549,USA
962,Ben Zhao,616,549,590,667,682,549,USA
963,Drew Brads,859,840,747,825,550,550,USA
964,Natthaphat Mahtani (ณัฐภัทร จี มาทานี),803,550,695,877,1015,550,Thailand
965,Feliks Zemdegs,667,833,575,550,706,550,Australia
966,Łukasz Burliga,550,873,875,1181,894,550,Poland
967,Max Park,722,550,555,644,601,550,USA
968,Yi-Fan Wu (吳亦凡),757,1028,713,550,932,550,Taiwan
969,Daniel Gutierrez,964,935,934,550,804,550,USA
970,Tristan Chua Yong,1022,550,865,850,1026,550,Singapore
971,Luke Garrett,757,550,605,708,902,550,USA
972,Bautista Bonazzola,747,550,1031,863,726,550,Argentina
973,Firstian Fushada (符逢城),714,749,550,648,903,550,Indonesia
974,Zijian Cai (蔡子健),719,815,783,550,706,550,China
975,Matty Hiroto Inaba,574,550,599,699,796,550,USA
976,Sebastian Weyer,592,696,699,550,634,550,Germany
977,Sebastian Weyer,739,641,550,665,660,550,Germany
978,Asher Kim-Magierek,552,550,663,753,555,550,USA
979,Luke Garrett,630,920,699,550,604,550,USA
980,Luke Garrett,616,576,550,747,828,550,USA
981,Carter Kucala,747,801,760,550,892,550,USA
982,Toby Waters,550,842,936,788,831,550,USA
983,Alexandre Carlier,645,897,550,665,849,550,France
984,Brian Johnson,921,692,813,550,744,550,USA
985,Jode Brewster,550,671,572,566,578,550,Australia
986,Morgan Yeh,631,550,670,686,591,550,Canada
987,Feliks Zemdegs,671,551,696,800,590,551,Australia
988,Will Newhoff,699,787,551,810,DNF,551,USA
989,Philipp Weyer,623,551,644,868,773,551,Germany
990,Daniel Karnaukh,620,960,551,789,851,551,USA
991,Mats Valk,718,726,734,604,551,551,Netherlands
992,Nipat Charoenpholphant (นิพัฒน์ เจริญพลพันธุ์),888,551,1089,880,763,551,Thailand
993,Tymon Kolasiński,612,551,651,645,674,551,Poland
994,Zixuan Yang (杨子轩),722,551,663,853,843,551,China
995,Weihao Kong (孔维浩),551,867,576,602,659,551,China
996,Zeke Mackay,849,657,673,551,775,551,USA
997,Philipp Weyer,551,893,812,631,749,551,Germany
998,Patrick Ponce,804,551,722,604,786,551,USA
999,Adam Łyskawa,551,1190,695,966,1237,551,Poland
1000,Ben Zhao,761,551,714,639,773,551,USA
